北,,
常平,,北
常平东,,常平
潮汕,,常平东
潮阳,,潮汕
潮州,,潮阳
丹霞山,,潮州
大埔,,丹霞山
大旺,,大埔
鼎湖东,,大旺
鼎湖山,,鼎湖东
东莞,,鼎湖山
东莞东,,东莞
东升,,东莞东
端州,,东升
丰顺,,端州
佛山,,丰顺
佛山西,,佛山
福田,,佛山西
高州,,福田
光明城,,高州
广宁,,光明城
广州,,广宁
广州北,,广州
广州东,,广州北
广州南,,广州东
广州西,,广州南
古镇,,广州西
河唇,,古镇
和平,,河唇
河源,,和平
门,,河源
华城,,门
怀集,,华城
化州,,怀集
惠东,,化州
惠环,,惠东
惠州,,惠环
惠州南,,惠州
惠州西,,惠州南
虎门,,惠州西
江门东,,虎门
揭阳,,江门东
葵潭,,揭阳
乐昌,,葵潭
乐昌东,,乐昌
雷州,,乐昌东
廉江,,雷州
沥林北,,廉江
龙川,,沥林北
龙丰,,龙川
陆丰,,龙丰
茂名,,陆丰
茂名西,,茂名
梅州,,茂名西
明珠,,梅州
南江口,,明珠
南朗,,南江口
南头,,南朗
南雄,,南头
坪石,,南雄
普宁,,坪石
前山,,普宁
庆盛,,前山
新会,,庆盛
清远,,新会
饶平,,清远
容桂,,饶平
三水,,容桂
三水北,,三水
三水南,,三水北
汕头,,三水南
汕尾,,汕头
韶关,,汕尾
韶关东,,韶关
深圳,,韶关东
深圳北,,深圳
深圳东,,深圳北
深圳坪山,,深圳东
深圳西,,深圳坪山
狮山,,深圳西
狮山北,,狮山
始兴,,狮山北
顺德,,始兴
顺德学院,,顺德
四会,,顺德学院
遂溪,,四会
唐家湾,,遂溪
小金口,,唐家湾
小榄,,小金口
西湖东,,小榄
兴宁,,西湖东
信宜,,兴宁
徐闻,,信宜
阳春,,徐闻
英德西,,阳春
英德,,英德西
银瓶,,英德
源潭,,银瓶
郁南,,源潭
云东海,,郁南
云浮东,,云东海
云山,,云浮东
樟木头,,云山
樟木头东,,樟木头
湛江,,樟木头东
湛江西,,湛江
肇庆,,湛江西
肇庆东,,肇庆
仲恺,,肇庆东
中山,,仲恺
中山北,,中山
珠海,,中山北
珠海北,,珠海
,,珠海北
